{
    "constellations": [
        {
            "constellationInd": 0,
            "satelliteDryMass": 70.02608794927035,
            "structureMass": 17.032394151358698,
            "propulsionMass": 0.0,
            "ADCSMass": 4.034,
            "avionicsMass": 2.8152717605551567,
            "thermalMass": 4.27217489664245,
            "EPSMass": 9.316039831865028,
            "satelliteBOLPower": 109.0814090893919,
            "satDataRatePerOrbit": 500,
            "lifetime": 5,
            "numPlanes": 1,
            "numSats": 3,
            "instruments": [
                {
                    "trl": 9,
                    "mass": 28,
                    "avgPower": 32,
                    "dataRate": 500
                }
            ],
            "launchVehicle": {
                "height": 3.5,
                "diameter": 2.38,
                "cost": 20.0
            }
        }
    ]
}