{
    "@type": "Satellite",
    "@id": "sat-0",
    "name": "MicroMAS-2",
    "acronym": "MicroMAS-2",
    "mass": null,
    "dryMass": null,
    "volume": null,
    "power": null,
    "commBand": [
        "X"
    ],
    "payload": [
        {
            "scanTechnique": "PUSHBROOM",
            "numberOfDetectorsRowsAlongTrack": null,
            "numberOfDetectorsColsCrossTrack": null,
            "Fnum": null,
            "focalLength": null,
            "apertureDia": null,
            "operatingWavelength": null,
            "bandwidth": null,
            "opticsSysEff": null,
            "quantumEff": null,
            "numOfReadOutE": null,
            "targetBlackBodyTemp": 20.0,
            "temperatureRange": [
                -10,
                50
            ],
            "detectorWidth": null,
            "maxDetectorExposureTime": null,
            "snrThreshold": null,
            "name": "ACE_ORCA",
            "acronym": "ACE_ORCA",
            "mass": 137,
            "dimensions": [
                1,
                1,
                1
            ],
            "volume": 1.0,
            "power": 132,
            "peakPower": 132,
            "resolution": 0.1,
            "orientation": {
                "convention": "SIDE_LOOK",
                "sideLookAngle": null,
                "@type": "Orientation"
            },
            "fieldOfView": {
                "sensorGeometry": "RECTANGULAR",
                "fullConeAngle": null,
                "alongTrackFieldOfView": null,
                "crossTrackFieldOfView": 55,
                "fieldOfRegard": 100,
                "@type": "FieldOfView"
            },
            "dataRate": 12.0,
            "bitsPerPixel": null,
            "techReadinessLevel": null,
            "mountType": "BODY",
            "@type": "Passive Optical Scanner"
        }
    ],
    "orbit": {
        "@type": "Orbit",
        "orbitType": "KEPLERIAN",
        "semimajorAxis": 6771,
        "inclination": 30,
        "eccentricity": 0,
        "periapsisArgument": 0,
        "rightAscensionAscendingNode": 0,
        "trueAnomaly": 0,
        "epoch": "2019-08-01T00:00:00Z"
    },
    "techReadinessLevel": 9,
    "isGroundCommand": true,
    "isSpare": false,
    "propellantType": "MONO_PROP",
    "stabilizationType": "AXIS_3"
}